{"assets/fonts/BungeeShade-Regular.ttf":["assets/fonts/BungeeShade-Regular.ttf"],"assets/image/.DS_Store":["assets/image/.DS_Store"],"assets/image/Cooperation.png":["assets/image/Cooperation.png"],"assets/image/ImageDesktop.png":["assets/image/ImageDesktop.png"],"assets/image/blockchain.png":["assets/image/blockchain.png"],"assets/image/cauchuyen.png":["assets/image/cauchuyen.png"],"assets/image/home.png":["assets/image/home.png"],"assets/image/login.png":["assets/image/login.png"],"assets/image/sponsorship.png":["assets/image/sponsorship.png"],"assets/image/uomMam.png":["assets/image/uomMam.png"],"packages/cupertino_icons/assets/CupertinoIcons.ttf":["packages/cupertino_icons/assets/CupertinoIcons.ttf"]}